Date,Final Price,Min Stay
2026-09-29,640,2
2026-09-30,663,2
2026-10-01,640,2
2026-10-02,684,2
2026-10-03,640,2
2026-10-04,707,2
2026-10-05,697,2
2026-10-06,724,2
2026-10-07,694,2
2026-10-08,772,2
2026-10-09,940,2
2026-10-10,964,2
2026-10-11,933,2
2026-10-12,793,2
2026-10-13,744,2
2026-10-14,786,2
2026-10-15,923,2
2026-10-16,1081,2
2026-10-17,1059,2
2026-10-18,1000,2
2026-10-19,815,2
2026-10-20,777,2
2026-10-21,691,2
2026-10-22,717,2
2026-10-23,775,2
2026-10-24,730,2
2026-10-25,713,2
2026-10-26,722,2
2026-10-27,756,2
2026-10-28,805,2
2026-10-29,722,2
2026-10-30,750,2
2026-10-31,768,2
2026-11-01,760,2
2026-11-02,728,2
2026-11-03,666,2
2026-11-04,647,2
2026-11-05,699,2
2026-11-06,734,2
2026-11-07,734,2
2026-11-08,708,2
2026-11-09,718,2
2026-11-10,690,2
2026-11-11,693,2
2026-11-12,711,2
2026-11-13,819,2
2026-11-14,807,2
2026-11-15,726,2
2026-11-16,731,2
2026-11-17,733,2
2026-11-18,771,2
2026-11-19,870,2
2026-11-20,893,2
2026-11-21,898,2
2026-11-22,818,2
2026-11-23,804,2
2026-11-24,816,2
2026-11-25,811,2
2026-11-26,866,2
2026-11-27,912,2
2026-11-28,989,2
2026-11-29,899,2
2026-11-30,780,2
2026-12-01,807,3
2026-12-02,793,3
2026-12-03,828,3
2026-12-04,864,3
2026-12-05,892,3
2026-12-06,860,3
2026-12-07,855,3
2026-12-08,841,3
2026-12-09,893,3
2026-12-10,918,3
2026-12-11,984,3
2026-12-12,984,3
2026-12-13,987,3
2026-12-14,977,3
2026-12-15,947,3
2026-12-16,940,3
2026-12-17,970,3
2026-12-18,1088,3
2026-12-19,1134,3
2026-12-20,1201,3
2026-12-21,1231,3
2026-12-22,1401,3
2026-12-23,1622,3
2026-12-24,1533,3
2026-12-25,1642,3
2026-12-26,1954,3
2026-12-27,2286,4
2026-12-28,2312,4
2026-12-29,2600,4
2026-12-30,2600,4
2026-12-31,2600,4
2027-01-01,2600,5
2027-01-02,2600,5
2027-01-03,2049,5
2027-01-04,1861,5
2027-01-05,1780,5
2027-01-06,1845,5
2027-01-07,1861,5
2027-01-08,1890,5
2027-01-09,1712,5
2027-01-10,1642,5
2027-01-11,1703,5
2027-01-12,1676,5
2027-01-13,1550,5
2027-01-14,1471,5
2027-01-15,1499,5
2027-01-16,1498,5
2027-01-17,1379,5
2027-01-18,1341,5
2027-01-19,1354,5
2027-01-20,1402,5
2027-01-21,1503,5
2027-01-22,1538,5
2027-01-23,1640,5
2027-01-24,1518,5
2027-01-25,1444,5
2027-01-26,1344,5
2027-01-27,1327,5
2027-01-28,1312,5
2027-01-29,1366,5
2027-01-30,1379,5
2027-01-31,1325,5
2027-02-01,1256,4
2027-02-02,1274,4
2027-02-03,1307,4
2027-02-04,1980,6
2027-02-05,2050,6
2027-02-06,2032,6
2027-02-07,2023,6
2027-02-08,2018,6
2027-02-09,1967,6
2027-02-10,1869,6
2027-02-11,1881,6
2027-02-12,1259,4
2027-02-13,1182,4
2027-02-14,1166,4
2027-02-15,1220,4
2027-02-16,1351,4
2027-02-17,1434,4
2027-02-18,1398,4
2027-02-19,1402,4
2027-02-20,1353,4
2027-02-21,1339,4
2027-02-22,1202,4
2027-02-23,1193,4
2027-02-24,1147,4
2027-02-25,1127,4
2027-02-26,1134,4
2027-02-27,1061,4
2027-02-28,1021,4
2027-03-01,964,3
2027-03-02,983,3
2027-03-03,947,3
2027-03-04,1017,3
2027-03-05,1069,3
2027-03-06,1054,3
2027-03-07,1044,3
2027-03-08,1027,3
2027-03-09,1020,3
2027-03-10,1028,3
2027-03-11,1021,3
2027-03-12,1072,3
2027-03-13,1042,3
2027-03-14,971,3
2027-03-15,935,3
2027-03-16,911,3
2027-03-17,900,3
2027-03-18,944,3
2027-03-19,1024,3
2027-03-20,1012,3
2027-03-21,1008,3
2027-03-22,1044,3
2027-03-23,1055,3
2027-03-24,1070,3
2027-03-25,1280,3
2027-03-26,1300,3
2027-03-27,1267,3
2027-03-28,1062,3
2027-03-29,931,3
2027-03-30,937,3
2027-03-31,908,3
2027-04-01,939,2
2027-04-02,1017,2
2027-04-03,1006,2
2027-04-04,914,2
2027-04-05,848,2
2027-04-06,895,2
2027-04-07,921,2
2027-04-08,970,2
2027-04-09,1057,2
2027-04-10,1056,2
2027-04-11,921,2
2027-04-12,852,2
2027-04-13,843,2
2027-04-14,813,2
2027-04-15,893,2
2027-04-16,968,2
2027-04-17,986,2
2027-04-18,899,2
2027-04-19,877,2
2027-04-20,1245,2
2027-04-21,1247,2
2027-04-22,1221,2
2027-04-23,932,2
2027-04-24,942,2
2027-04-25,877,2
2027-04-26,794,2
2027-04-27,813,2
2027-04-28,765,2
2027-04-29,816,2
2027-04-30,932,2
2027-05-01,949,2
2027-05-02,805,2
2027-05-03,787,2
2027-05-04,787,2
2027-05-05,781,2
2027-05-06,818,2
2027-05-07,838,2
2027-05-08,825,2
2027-05-09,826,2
2027-05-10,778,2
2027-05-11,804,2
2027-05-12,776,2
2027-05-13,809,2
2027-05-14,801,2
2027-05-15,810,2
2027-05-16,826,2
2027-05-17,813,2
2027-05-18,822,2
2027-05-19,797,2
2027-05-20,852,2
2027-05-21,834,2
2027-05-22,840,2
2027-05-23,911,2
2027-05-24,862,2
2027-05-25,865,2
2027-05-26,923,2
2027-05-27,940,2
2027-05-28,916,2
2027-05-29,926,2
2027-05-30,925,2
2027-05-31,866,2
2027-06-01,936,2
2027-06-02,947,2
2027-06-03,961,2
2027-06-04,962,2
2027-06-05,1004,2
2027-06-06,981,2
2027-06-07,964,2
2027-06-08,1025,2
2027-06-09,1420,2
2027-06-10,1507,2
2027-06-11,1543,3
2027-06-12,1539,3
2027-06-13,1466,2
2027-06-14,1151,2
2027-06-15,846,2
2027-06-16,752,2
2027-06-17,803,2
2027-06-18,813,2
2027-06-19,848,2
2027-06-20,796,2
2027-06-21,799,2
2027-06-22,770,2
2027-06-23,770,2
2027-06-24,799,2
2027-06-25,816,2
2027-06-26,828,2
2027-06-27,799,2
2027-06-28,818,2
2027-06-29,770,2
2027-06-30,783,2
2027-07-01,799,2
2027-07-02,807,2
2027-07-03,822,2
2027-07-04,803,2
2027-07-05,815,2
2027-07-06,805,2
2027-07-07,811,2
2027-07-08,818,2
2027-07-09,831,2
2027-07-10,829,2
2027-07-11,800,2
2027-07-12,810,2
2027-07-13,806,2
2027-07-14,812,2
2027-07-15,826,2
2027-07-16,859,2
2027-07-17,862,2
2027-07-18,823,2
2027-07-19,810,2
2027-07-20,813,2
2027-07-21,826,2
2027-07-22,845,2
2027-07-23,879,2
2027-07-24,876,2
2027-07-25,836,2
2027-07-26,797,2
2027-07-27,797,2
2027-07-28,817,2
2027-07-29,827,2
2027-07-30,876,2
2027-07-31,869,2
2027-08-01,830,2
2027-08-02,801,2
2027-08-03,797,2
2027-08-04,804,2
2027-08-05,825,2
2027-08-06,851,2
2027-08-07,858,2
2027-08-08,796,2
2027-08-09,783,2
2027-08-10,789,2
2027-08-11,773,2
2027-08-12,806,2
2027-08-13,842,2
2027-08-14,854,2
2027-08-15,783,2
2027-08-16,799,2
2027-08-17,796,2
2027-08-18,784,2
2027-08-19,817,2
2027-08-20,830,2
2027-08-21,868,2
2027-08-22,801,2
2027-08-23,801,2
2027-08-24,801,2
2027-08-25,869,2
2027-08-26,869,2
2027-08-27,873,2
2027-08-28,941,2
2027-08-29,879,2
2027-08-30,860,2
2027-08-31,835,2
2027-09-01,850,2
2027-09-02,873,2
2027-09-03,1041,3
2027-09-04,1041,3
2027-09-05,1041,3
2027-09-06,1040,3
2027-09-07,857,2
2027-09-08,867,2
2027-09-09,874,2
2027-09-10,929,2
2027-09-11,935,2
2027-09-12,861,2
2027-09-13,912,2
2027-09-14,883,2
2027-09-15,870,2
2027-09-16,890,2
2027-09-17,948,2
2027-09-18,944,2
2027-09-19,870,2
2027-09-20,876,2
2027-09-21,872,2
2027-09-22,850,2
2027-09-23,869,2
2027-09-24,953,2
2027-09-25,918,2
2027-09-26,869,2
2027-09-27,792,2
2027-09-28,795,2
2027-09-29,792,2
2027-09-30,812,2
2027-10-01,918,2
2027-10-02,867,2
2027-10-03,844,2
2027-10-04,773,2
2027-10-05,766,2
2027-10-06,759,2
2027-10-07,791,2
2027-10-08,981,3
2027-10-09,981,3
2027-10-10,980,3
2027-10-11,980,3
2027-10-12,780,2
2027-10-13,758,2
2027-10-14,804,2
2027-10-15,956,2
2027-10-16,879,2
2027-10-17,863,2
2027-10-18,802,2
2027-10-19,776,2
2027-10-20,773,2
2027-10-21,831,2
2027-10-22,931,2
2027-10-23,886,2
2027-10-24,860,2
2027-10-25,812,2
2027-10-26,788,2
2027-10-27,901,2
2027-10-28,898,2
2027-10-29,937,2
2027-10-30,938,2
2027-10-31,937,2
2027-11-01,938,2
2027-11-02,805,2
2027-11-03,805,2
2027-11-04,851,2
2027-11-05,913,2
2027-11-06,913,2
2027-11-07,874,2
2027-11-08,858,2
2027-11-09,832,2
2027-11-10,829,2
2027-11-11,893,2
2027-11-12,1007,2
2027-11-13,1007,2
2027-11-14,1007,2
2027-11-15,874,2
2027-11-16,868,2
2027-11-17,881,2
2027-11-18,959,2
2027-11-19,1176,2
2027-11-20,1188,2
2027-11-21,966,2
2027-11-22,882,2
2027-11-23,896,2
2027-11-24,906,2
2027-11-25,987,2
2027-11-26,1033,2
2027-11-27,1069,2
2027-11-28,1003,2
2027-11-29,929,2
2027-11-30,936,2
2027-12-01,962,4
2027-12-02,1011,4
2027-12-03,1061,5
2027-12-04,1087,5
2027-12-05,1047,4
2027-12-06,1037,4
2027-12-07,1037,4
2027-12-08,1037,4
2027-12-09,1037,4
2027-12-10,1102,5
2027-12-11,1133,5
2027-12-12,1148,4
2027-12-13,1145,4
2027-12-14,1158,4
2027-12-15,1270,4
2027-12-16,1329,4
2027-12-17,1430,5
2027-12-18,1453,5
2027-12-19,1498,4
2027-12-20,1489,4
2027-12-21,1535,4
2027-12-22,1617,4
2027-12-23,1934,4
2027-12-24,1839,5
2027-12-25,1817,5
2027-12-26,2479,4
2027-12-27,2479,4
2027-12-28,2479,4
2027-12-29,2600,4
2027-12-30,2600,4
2027-12-31,2600,5
2028-01-01,2600,5
2028-01-02,2600,5
2028-01-03,1703,5
2028-01-04,1787,5
2028-01-05,2600,5
2028-01-06,2600,5
2028-01-07,2600,5
2028-01-08,2600,5
2028-01-09,2600,5
2028-01-10,1626,5
2028-01-11,1656,5
2028-01-12,1666,5
2028-01-13,1653,5
2028-01-14,1692,5
2028-01-15,1703,5
2028-01-16,1631,5
2028-01-17,1591,5
2028-01-18,1572,5
2028-01-19,1566,5
2028-01-20,1562,5
2028-01-21,1607,5
2028-01-22,1625,5
2028-01-23,1538,5
2028-01-24,1474,5
2028-01-25,1450,5
2028-01-26,1498,5
2028-01-27,1545,5
2028-01-28,1649,5
2028-01-29,1669,5
2028-01-30,1611,5
2028-01-31,1551,5
2028-02-01,1496,4
2028-02-02,1509,4
2028-02-03,1527,4
2028-02-04,1545,4
2028-02-05,1512,4
2028-02-06,1472,4
2028-02-07,1451,4
2028-02-08,1477,4
2028-02-09,1516,4
2028-02-10,1518,4
2028-02-11,1526,4
2028-02-12,1479,4
2028-02-13,1460,4
2028-02-14,1403,4
2028-02-15,1422,4
2028-02-16,1403,4
2028-02-17,1356,4
2028-02-18,1325,4
2028-02-19,1259,4
2028-02-20,1239,4
2028-02-21,1194,4
2028-02-22,1238,4
2028-02-23,1224,4
2028-02-24,2300,6
2028-02-25,2300,6
2028-02-26,2299,6
2028-02-27,2294,6
2028-02-28,2292,6
2028-02-29,2291,6
2028-03-01,2291,5
2028-03-02,2291,5
2028-03-03,1144,3
2028-03-04,1104,3
2028-03-05,1060,3
2028-03-06,1030,3
2028-03-07,1027,3
2028-03-08,1001,3
2028-03-09,1043,3
2028-03-10,1101,3
2028-03-11,1088,3
2028-03-12,1054,3
2028-03-13,1032,3
2028-03-14,1028,3
2028-03-15,1019,3
2028-03-16,1055,3
2028-03-17,1120,3
2028-03-18,1094,3
2028-03-19,1048,3
2028-03-20,995,3
2028-03-21,995,3
